<levels>
	<level id="1" cannons="3"><!-- one ball -->
		<model x="100" y="100" z="0" r="10"></model>
	</level>
	<level id="2" cannons="3"><!-- two balls horizontal-->
		<model x="50" y="100" z="0" r="10"></model>
		<model x="150" y="100" z="0" r="10"></model>
	</level>
	<level id="2" cannons="3"><!-- two balls vertical-->
		<model x="100" y="50" z="0" r="10"></model>
		<model x="100" y="150" z="0" r="10"></model>
	</level>
	<level id="1" cannons="3"><!-- one ball big -->
		<model x="100" y="100" z="0" r="20"></model>
	</level>
	<level id="1" cannons="3"><!-- two balls big horizontal -->
		<model x="50" y="100" z="0" r="20"></model>
		<model x="150" y="100" z="0" r="20"></model>
	</level>
    <level id="3" cannons="3"><!-- line -->
		<model x="50"  y="100" z="0" r="10"></model>
		<model x="100" y="100" z="0" r="10"></model>
		<model x="150" y="100" z="0" r="10"></model>
	</level>
	<level id="7" cannons="3"> <!-- "n" -->
		<model x="50" y="75" z="0" r="10"></model>
		<model x="100" y="125" z="0" r="10"></model>
		<model x="150" y="75" z="0" r="10"></model>
	</level>
	<level id="1" cannons="3"><!-- four by four -->
		<model x="50" y="50" z="0" r="12"></model>
		<model x="150" y="50" z="0" r="12"></model>
		<model x="50" y="150" z="0" r="12"></model>
		<model x="150" y="150" z="0" r="12"></model>
	</level>
    <level id="5" cannons="3"><!-- diagonal -->
        <model x="50" y="125" r="8" />  
        <model x="150" y="75" r="8" /> 
        <model x="100" y="100" r="8" />    
    </level>
   <level id="4" cannons="3"> <!-- big/small -->
		<model x="100" y="140" z="0" r="25"></model>
		<model x="100" y="75" z="0" r="5"></model>
	</level>
	<level id="4" cannons="3"> <!-- small/big -->
		<model x="100" y="140" z="0" r="5"></model>
		<model x="100" y="75" z="0" r="25"></model>
	</level>
	<level id="9" cannons="3"><!-- diff mickey -->
		<model x="100" y="125" r="30" /><!-- the body -->
		<model x="50" y="80" r="5" /><!-- the left arm -->
		<model x="150" y="80" r="5" /><!-- the right arm -->
	</level>
    <level id="6" cannons="3"><!-- mickey -->
        <model x="50" y="123" r="8" />  <!-- right right ear -->
        <model x="150" y="123" r="8" />  <!-- left right ear -->
        <model x="100" y="85" r="10" />    <!-- face -->
    </level>
    <level id="8" cannons="3"> <!-- pants -->
		<model x="50" y="150" z="0" r="7" />
		<model x="100" y="150" z="0" r="6" />
		<model x="150" y="150" z="0" r="7" />
		<model x="50" y="100" z="0" r="6" />
		<model x="150" y="100" z="0" r="6" />
		<model x="50" y="50" z="0" r="6" />
		<model x="150" y="50" z="0" r="6" />
	</level>
	<level id="9" cannons="3"><!-- turtle -->
		<model x="100" y="150" r="5" /><!-- the head -->
		<model x="100" y="79" r="12" /><!-- the body -->
		<model x="50" y="123" r="5" /><!-- the left arm -->
		<model x="150" y="123" r="5" /><!-- the right arm -->
		<model x="50" y="53" r="5" /><!-- the left foot -->
		<model x="150" y="53" r="5" /><!-- the right foot -->
	</level>
	<level id="1" cannons="3"><!-- one ball -->
		<model x="100" y="25" z="0" r="3"></model>
		<model x="150" y="50" z="0" r="3"></model>
		<model x="100" y="75" z="0" r="3"></model>
		<model x="150" y="100" z="0" r="3"></model>
	</level>
    </levels>